{
	"class_name" : "ViewTrajectory",
	"interval" : 29,
	"is_loop" : false,
	"trajectory" : 
	[
		{
			"boundingbox_max" : [ 290.0, 190.0, 210.0 ],
			"boundingbox_min" : [ -290.0, -190.0, -10.0 ],
			"field_of_view" : 60.0,
			"front" : [ 0.019149028324759225, -0.057268445317798788, 0.99817515491275388 ],
			"lookat" : [ 0.63071638435847643, 32.218849112124509, 46.525938815815373 ],
			"up" : [ -0.0043212565686312505, 0.99834414798583582, 0.057361040123972092 ],
			"zoom" : 0.59999999999999998
		}
	],
	"version_major" : 1,
	"version_minor" : 0
}